customer_id,split
SYN-CUST-01838,holdout
SYN-CUST-01651,development
SYN-CUST-01873,development
SYN-CUST-01885,development
SYN-CUST-00996,development
SYN-CUST-01870,development
SYN-CUST-02921,development
SYN-CUST-02553,holdout
SYN-CUST-00064,development
SYN-CUST-02717,development
SYN-CUST-02244,development
SYN-CUST-01988,development
SYN-CUST-02351,holdout
SYN-CUST-00139,development
SYN-CUST-01742,holdout
SYN-CUST-00475,development
SYN-CUST-00980,development
SYN-CUST-02966,development
SYN-CUST-02501,development
SYN-CUST-00962,development
SYN-CUST-02550,development
SYN-CUST-01931,development
SYN-CUST-00162,development
SYN-CUST-01922,development
SYN-CUST-01331,development
SYN-CUST-02150,development
SYN-CUST-02162,development
SYN-CUST-01690,development
SYN-CUST-00750,development
SYN-CUST-00554,holdout
SYN-CUST-00072,holdout
SYN-CUST-00197,development
SYN-CUST-00531,holdout
SYN-CUST-00619,development
SYN-CUST-01872,development
SYN-CUST-02901,development
SYN-CUST-00630,development
SYN-CUST-00866,development
SYN-CUST-02668,development
SYN-CUST-01977,development
SYN-CUST-00502,development
SYN-CUST-02047,development
SYN-CUST-01140,development
SYN-CUST-00010,holdout
SYN-CUST-00911,holdout
SYN-CUST-01292,holdout
SYN-CUST-01099,development
SYN-CUST-02015,development
SYN-CUST-01752,development
SYN-CUST-02536,development
SYN-CUST-00299,development
SYN-CUST-00851,holdout
SYN-CUST-02329,holdout
SYN-CUST-02812,development
SYN-CUST-02568,development
SYN-CUST-02214,development
SYN-CUST-00203,holdout
SYN-CUST-01920,development
SYN-CUST-02922,development
SYN-CUST-00048,development
SYN-CUST-00043,development
SYN-CUST-01040,development
SYN-CUST-00278,development
SYN-CUST-02003,holdout
SYN-CUST-00837,development
SYN-CUST-02439,development
SYN-CUST-00843,development
SYN-CUST-01141,holdout
SYN-CUST-01945,development
SYN-CUST-02307,development
SYN-CUST-02339,holdout
SYN-CUST-00899,development
SYN-CUST-00367,development
SYN-CUST-01538,holdout
SYN-CUST-01144,development
SYN-CUST-02859,development
SYN-CUST-00666,development
SYN-CUST-00995,development
SYN-CUST-00158,development
SYN-CUST-01547,development
SYN-CUST-02514,holdout
SYN-CUST-00578,development
SYN-CUST-01868,development
SYN-CUST-01820,development
SYN-CUST-02061,development
SYN-CUST-01150,development
SYN-CUST-02599,development
SYN-CUST-02879,holdout
SYN-CUST-02712,holdout
SYN-CUST-02245,development
SYN-CUST-02704,development
SYN-CUST-00875,development
SYN-CUST-00621,development
SYN-CUST-02146,holdout
SYN-CUST-02856,development
SYN-CUST-02852,development
SYN-CUST-01341,holdout
SYN-CUST-00005,development
SYN-CUST-02616,development
SYN-CUST-00355,development
SYN-CUST-02315,holdout
SYN-CUST-01062,development
SYN-CUST-01112,holdout
SYN-CUST-00522,development
SYN-CUST-02174,holdout
SYN-CUST-00455,development
SYN-CUST-02582,development
SYN-CUST-00588,development
SYN-CUST-01103,holdout
SYN-CUST-01510,holdout
SYN-CUST-02059,development
SYN-CUST-00886,holdout
SYN-CUST-01278,development
SYN-CUST-00180,development
SYN-CUST-00184,development
SYN-CUST-01018,development
SYN-CUST-01735,development
SYN-CUST-00241,development
SYN-CUST-01492,development
SYN-CUST-02980,development
SYN-CUST-00835,holdout
SYN-CUST-02498,development
SYN-CUST-00568,development
SYN-CUST-01703,development
SYN-CUST-00809,holdout
SYN-CUST-02986,development
SYN-CUST-00244,development
SYN-CUST-01462,development
SYN-CUST-00680,development
SYN-CUST-00847,development
SYN-CUST-00199,development
SYN-CUST-00921,development
SYN-CUST-02431,development
SYN-CUST-02706,development
SYN-CUST-00872,holdout
SYN-CUST-00856,holdout
SYN-CUST-02733,development
SYN-CUST-01762,development
SYN-CUST-02834,development
SYN-CUST-02144,holdout
SYN-CUST-01210,development
SYN-CUST-02319,holdout
SYN-CUST-01544,development
SYN-CUST-02756,development
SYN-CUST-00227,holdout
SYN-CUST-01481,development
SYN-CUST-00836,development
SYN-CUST-02270,development
SYN-CUST-01057,development
SYN-CUST-02938,holdout
SYN-CUST-00917,development
SYN-CUST-01052,development
SYN-CUST-02693,holdout
SYN-CUST-02743,development
SYN-CUST-00209,development
SYN-CUST-02467,development
SYN-CUST-02212,development
SYN-CUST-00702,holdout
SYN-CUST-01008,development
SYN-CUST-02698,development
SYN-CUST-02224,development
SYN-CUST-02971,development
SYN-CUST-01791,holdout
SYN-CUST-01903,holdout
SYN-CUST-02383,development
SYN-CUST-00991,development
SYN-CUST-01213,development
SYN-CUST-02524,development
SYN-CUST-01480,holdout
SYN-CUST-01951,development
SYN-CUST-01242,holdout
SYN-CUST-00520,development
SYN-CUST-01555,development
SYN-CUST-02978,holdout
SYN-CUST-02102,holdout
SYN-CUST-02725,holdout
SYN-CUST-01812,development
SYN-CUST-01119,holdout
SYN-CUST-01876,holdout
SYN-CUST-02373,holdout
SYN-CUST-02116,development
SYN-CUST-01438,development
SYN-CUST-02342,development
SYN-CUST-02168,holdout
SYN-CUST-01417,holdout
SYN-CUST-01363,development
SYN-CUST-02460,development
SYN-CUST-00266,development
SYN-CUST-01100,holdout
SYN-CUST-01898,development
SYN-CUST-02018,development
SYN-CUST-02659,development
SYN-CUST-00581,holdout
SYN-CUST-00803,development
SYN-CUST-02886,holdout
SYN-CUST-00575,holdout
SYN-CUST-00518,holdout
SYN-CUST-01342,development
SYN-CUST-02357,development
SYN-CUST-02661,holdout
SYN-CUST-00374,development
SYN-CUST-00484,development
SYN-CUST-00338,development
SYN-CUST-02125,holdout
SYN-CUST-00017,development
SYN-CUST-00405,development
SYN-CUST-01934,development
SYN-CUST-01636,development
SYN-CUST-02110,development
SYN-CUST-01709,development
SYN-CUST-01471,holdout
SYN-CUST-02969,holdout
SYN-CUST-00766,holdout
SYN-CUST-00689,development
SYN-CUST-00993,development
SYN-CUST-01591,development
SYN-CUST-01047,development
SYN-CUST-02092,development
SYN-CUST-02650,holdout
SYN-CUST-00300,development
SYN-CUST-00250,development
SYN-CUST-02183,holdout
SYN-CUST-02933,development
SYN-CUST-01536,development
SYN-CUST-01764,development
SYN-CUST-00395,development
SYN-CUST-02586,holdout
SYN-CUST-01155,holdout
SYN-CUST-01357,development
SYN-CUST-00093,development
SYN-CUST-01612,development
SYN-CUST-02658,holdout
SYN-CUST-00267,development
SYN-CUST-01288,holdout
SYN-CUST-01947,development
SYN-CUST-02452,development
SYN-CUST-01120,development
SYN-CUST-02967,holdout
SYN-CUST-00146,holdout
SYN-CUST-02408,holdout
SYN-CUST-00949,development
SYN-CUST-02924,development
SYN-CUST-00002,development
SYN-CUST-02771,development
SYN-CUST-02724,development
SYN-CUST-00988,development
SYN-CUST-00950,holdout
SYN-CUST-02738,development
SYN-CUST-01409,development
SYN-CUST-02961,development
SYN-CUST-02056,development
SYN-CUST-01545,holdout
SYN-CUST-01716,holdout
SYN-CUST-02292,development
SYN-CUST-02907,holdout
SYN-CUST-00933,development
SYN-CUST-00973,holdout
SYN-CUST-02223,holdout
SYN-CUST-00685,development
SYN-CUST-01220,holdout
SYN-CUST-01234,development
SYN-CUST-01745,holdout
SYN-CUST-00665,development
SYN-CUST-02337,development
SYN-CUST-02710,development
SYN-CUST-01501,development
SYN-CUST-00648,holdout
SYN-CUST-01315,development
SYN-CUST-01097,development
SYN-CUST-01659,development
SYN-CUST-01491,holdout
SYN-CUST-01844,development
SYN-CUST-00487,holdout
SYN-CUST-01033,development
SYN-CUST-00596,development
SYN-CUST-02648,development
SYN-CUST-01525,development
SYN-CUST-01558,development
SYN-CUST-02379,development
SYN-CUST-00528,development
SYN-CUST-00420,development
SYN-CUST-02618,development
SYN-CUST-02310,holdout
SYN-CUST-00101,holdout
SYN-CUST-00490,development
SYN-CUST-01483,development
SYN-CUST-02657,development
SYN-CUST-02322,development
SYN-CUST-00021,holdout
SYN-CUST-02919,holdout
SYN-CUST-01254,development
SYN-CUST-00012,holdout
SYN-CUST-00431,development
SYN-CUST-01581,development
SYN-CUST-01489,development
SYN-CUST-00679,development
SYN-CUST-01756,holdout
SYN-CUST-01815,development
SYN-CUST-00577,holdout
SYN-CUST-00343,development
SYN-CUST-00633,development
SYN-CUST-02080,development
SYN-CUST-02560,development
SYN-CUST-02404,development
SYN-CUST-00108,development
SYN-CUST-02587,development
SYN-CUST-00969,development
SYN-CUST-01086,development
SYN-CUST-02057,development
SYN-CUST-00939,holdout
SYN-CUST-02301,development
SYN-CUST-02486,development
SYN-CUST-00191,development
SYN-CUST-02974,holdout
SYN-CUST-01038,holdout
SYN-CUST-00626,holdout
SYN-CUST-01579,development
SYN-CUST-00109,development
SYN-CUST-01880,holdout
SYN-CUST-02251,development
SYN-CUST-00370,development
SYN-CUST-02078,holdout
SYN-CUST-00061,holdout
SYN-CUST-01183,development
SYN-CUST-00130,holdout
SYN-CUST-00976,development
SYN-CUST-02462,development
SYN-CUST-02497,development
SYN-CUST-00592,development
SYN-CUST-02213,development
SYN-CUST-02328,development
SYN-CUST-02062,holdout
SYN-CUST-00765,holdout
SYN-CUST-01311,development
SYN-CUST-01377,development
SYN-CUST-01209,development
SYN-CUST-02118,development
SYN-CUST-00134,development
SYN-CUST-02683,development
SYN-CUST-00774,development
SYN-CUST-00978,development
SYN-CUST-01584,development
SYN-CUST-00639,development
SYN-CUST-00291,holdout
SYN-CUST-00145,development
SYN-CUST-02946,development
SYN-CUST-02851,development
SYN-CUST-01307,development
SYN-CUST-02826,development
SYN-CUST-02508,development
SYN-CUST-02959,development
SYN-CUST-01804,holdout
SYN-CUST-02983,development
SYN-CUST-02906,development
SYN-CUST-02325,holdout
SYN-CUST-00751,development
SYN-CUST-01387,development
SYN-CUST-02792,development
SYN-CUST-01878,holdout
SYN-CUST-00550,development
SYN-CUST-01104,development
SYN-CUST-01675,development
SYN-CUST-00238,development
SYN-CUST-01674,development
SYN-CUST-00360,development
SYN-CUST-01204,holdout
SYN-CUST-02847,holdout
SYN-CUST-02952,holdout
SYN-CUST-01436,holdout
SYN-CUST-00811,development
SYN-CUST-00757,development
SYN-CUST-01328,development
SYN-CUST-00974,development
SYN-CUST-02503,development
SYN-CUST-02833,development
SYN-CUST-01418,development
SYN-CUST-00140,development
SYN-CUST-02591,development
SYN-CUST-01339,development
SYN-CUST-02633,development
SYN-CUST-02996,development
SYN-CUST-01189,holdout
SYN-CUST-00201,development
SYN-CUST-00141,development
SYN-CUST-01461,development
SYN-CUST-01154,development
SYN-CUST-00443,development
SYN-CUST-00310,holdout
SYN-CUST-01494,development
SYN-CUST-01031,development
SYN-CUST-00440,development
SYN-CUST-02330,development
SYN-CUST-01594,development
SYN-CUST-00963,holdout
SYN-CUST-01771,development
SYN-CUST-02099,development
SYN-CUST-00057,development
SYN-CUST-00569,development
SYN-CUST-01578,development
SYN-CUST-02275,development
SYN-CUST-01729,development
SYN-CUST-02206,development
SYN-CUST-02878,holdout
SYN-CUST-00478,development
SYN-CUST-00788,development
SYN-CUST-02530,development
SYN-CUST-00274,development
SYN-CUST-01172,holdout
SYN-CUST-02138,holdout
SYN-CUST-01726,development
SYN-CUST-01862,holdout
SYN-CUST-01999,holdout
SYN-CUST-02173,development
SYN-CUST-01834,development
SYN-CUST-00024,holdout
SYN-CUST-01131,holdout
SYN-CUST-02703,holdout
SYN-CUST-00151,development
SYN-CUST-02925,development
SYN-CUST-01390,development
SYN-CUST-00094,holdout
SYN-CUST-01413,development
SYN-CUST-01611,holdout
SYN-CUST-00333,holdout
SYN-CUST-01169,development
SYN-CUST-01769,development
SYN-CUST-00175,development
SYN-CUST-00027,development
SYN-CUST-00752,development
SYN-CUST-00912,development
SYN-CUST-00152,holdout
SYN-CUST-01354,development
SYN-CUST-00723,holdout
SYN-CUST-02964,holdout
SYN-CUST-02988,development
SYN-CUST-01464,holdout
SYN-CUST-02355,holdout
SYN-CUST-01906,development
SYN-CUST-02678,development
SYN-CUST-02682,holdout
SYN-CUST-02709,development
SYN-CUST-00447,development
SYN-CUST-01405,development
SYN-CUST-00078,holdout
SYN-CUST-02768,development
SYN-CUST-01773,development
SYN-CUST-01929,development
SYN-CUST-02786,development
SYN-CUST-00590,development
SYN-CUST-01511,development
SYN-CUST-02799,holdout
SYN-CUST-00466,development
SYN-CUST-00664,development
SYN-CUST-01976,development
SYN-CUST-00537,development
SYN-CUST-02569,development
SYN-CUST-01585,holdout
SYN-CUST-01230,holdout
SYN-CUST-00058,development
SYN-CUST-00613,development
SYN-CUST-02522,holdout
SYN-CUST-00353,holdout
SYN-CUST-01216,holdout
SYN-CUST-01039,holdout
SYN-CUST-00155,holdout
SYN-CUST-00544,development
SYN-CUST-02191,development
SYN-CUST-00303,development
SYN-CUST-00087,development
SYN-CUST-00031,development
SYN-CUST-01698,development
SYN-CUST-02757,holdout
SYN-CUST-00986,holdout
SYN-CUST-01386,development
SYN-CUST-01435,development
SYN-CUST-01051,development
SYN-CUST-00615,development
SYN-CUST-00563,development
SYN-CUST-02317,holdout
SYN-CUST-01669,holdout
SYN-CUST-00081,development
SYN-CUST-02225,development
SYN-CUST-01373,development
SYN-CUST-01561,development
SYN-CUST-00676,development
SYN-CUST-00977,holdout
SYN-CUST-00562,holdout
SYN-CUST-01264,development
SYN-CUST-00290,development
SYN-CUST-00449,development
SYN-CUST-01245,development
SYN-CUST-00756,development
SYN-CUST-00870,development
SYN-CUST-02426,development
SYN-CUST-01369,development
SYN-CUST-02171,holdout
SYN-CUST-00150,development
SYN-CUST-00436,development
SYN-CUST-01530,holdout
SYN-CUST-01127,development
SYN-CUST-01711,development
SYN-CUST-00880,development
SYN-CUST-01229,development
SYN-CUST-01139,development
SYN-CUST-01517,development
SYN-CUST-01344,development
SYN-CUST-02930,holdout
SYN-CUST-00985,holdout
SYN-CUST-01793,development
SYN-CUST-01320,holdout
SYN-CUST-02360,development
SYN-CUST-00208,holdout
SYN-CUST-00820,development
SYN-CUST-00425,development
SYN-CUST-01733,development
SYN-CUST-02572,development
SYN-CUST-01314,development
SYN-CUST-02028,development
SYN-CUST-01195,holdout
SYN-CUST-02815,development
SYN-CUST-00095,development
SYN-CUST-02755,holdout
SYN-CUST-02154,development
SYN-CUST-01317,development
SYN-CUST-01343,development
SYN-CUST-02566,development
SYN-CUST-02882,development
SYN-CUST-00699,holdout
SYN-CUST-02979,holdout
SYN-CUST-02760,development
SYN-CUST-00868,development
SYN-CUST-00972,development
SYN-CUST-00507,holdout
SYN-CUST-01067,holdout
SYN-CUST-01519,development
SYN-CUST-01542,holdout
SYN-CUST-00297,development
SYN-CUST-00816,development
SYN-CUST-01734,development
SYN-CUST-01730,development
SYN-CUST-02371,development
SYN-CUST-01218,development
SYN-CUST-01021,holdout
SYN-CUST-01184,holdout
SYN-CUST-02179,holdout
SYN-CUST-02884,development
SYN-CUST-02781,development
SYN-CUST-02796,development
SYN-CUST-02837,development
SYN-CUST-00256,development
SYN-CUST-00066,development
SYN-CUST-02161,development
SYN-CUST-01017,development
SYN-CUST-01848,development
SYN-CUST-02081,holdout
SYN-CUST-01985,holdout
SYN-CUST-02830,development
SYN-CUST-00294,holdout
SYN-CUST-01757,development
SYN-CUST-01467,development
SYN-CUST-01776,development
SYN-CUST-01205,development
SYN-CUST-00902,development
SYN-CUST-01818,development
SYN-CUST-02051,holdout
SYN-CUST-02612,holdout
SYN-CUST-01859,development
SYN-CUST-00703,holdout
SYN-CUST-02631,holdout
SYN-CUST-01107,development
SYN-CUST-00641,development
SYN-CUST-00885,development
SYN-CUST-02574,holdout
SYN-CUST-00275,holdout
SYN-CUST-02359,development
SYN-CUST-00392,development
SYN-CUST-01950,development
SYN-CUST-01224,development
SYN-CUST-00236,development
SYN-CUST-01260,development
SYN-CUST-02095,development
SYN-CUST-00276,holdout
SYN-CUST-00404,development
SYN-CUST-02641,development
SYN-CUST-00559,development
SYN-CUST-01135,development
SYN-CUST-02700,development
SYN-CUST-01252,development
SYN-CUST-01122,development
SYN-CUST-00523,development
SYN-CUST-00019,development
SYN-CUST-00369,development
SYN-CUST-00606,development
SYN-CUST-02278,development
SYN-CUST-01466,holdout
SYN-CUST-01933,development
SYN-CUST-02794,development
SYN-CUST-00258,holdout
SYN-CUST-02485,holdout
SYN-CUST-01840,holdout
SYN-CUST-00725,development
SYN-CUST-01719,holdout
SYN-CUST-02259,holdout
SYN-CUST-01199,development
SYN-CUST-01738,development
SYN-CUST-01044,holdout
SYN-CUST-02914,development
SYN-CUST-01244,development
SYN-CUST-00362,development
SYN-CUST-01037,development
SYN-CUST-00160,holdout
SYN-CUST-01420,development
SYN-CUST-02669,holdout
SYN-CUST-02097,development
SYN-CUST-01967,development
SYN-CUST-00272,development
SYN-CUST-01196,development
SYN-CUST-01450,development
SYN-CUST-02438,development
SYN-CUST-01924,development
SYN-CUST-02447,development
SYN-CUST-02605,holdout
SYN-CUST-02890,development
SYN-CUST-02147,development
SYN-CUST-00726,development
SYN-CUST-02540,development
SYN-CUST-01642,development
SYN-CUST-00824,development
SYN-CUST-00706,development
SYN-CUST-02430,development
SYN-CUST-02679,development
SYN-CUST-01598,development
SYN-CUST-02419,development
SYN-CUST-00332,development
SYN-CUST-00545,development
SYN-CUST-02511,development
SYN-CUST-00378,development
SYN-CUST-01763,holdout
SYN-CUST-00215,development
SYN-CUST-02970,development
SYN-CUST-00603,development
SYN-CUST-02687,development
SYN-CUST-01830,holdout
SYN-CUST-00761,development
SYN-CUST-02625,holdout
SYN-CUST-02535,development
SYN-CUST-00482,development
SYN-CUST-02831,development
SYN-CUST-01123,development
SYN-CUST-02002,development
SYN-CUST-01046,holdout
SYN-CUST-01460,holdout
SYN-CUST-02666,development
SYN-CUST-00852,development
SYN-CUST-00174,development
SYN-CUST-01627,development
SYN-CUST-02575,development
SYN-CUST-01398,development
SYN-CUST-01212,development
SYN-CUST-00464,development
SYN-CUST-01073,development
SYN-CUST-00088,development
SYN-CUST-01087,development
SYN-CUST-02289,development
SYN-CUST-02434,development
SYN-CUST-00345,development
SYN-CUST-02038,development
SYN-CUST-00196,development
SYN-CUST-02090,development
SYN-CUST-01705,development
SYN-CUST-00733,holdout
SYN-CUST-00426,development
SYN-CUST-02197,development
SYN-CUST-01832,development
SYN-CUST-02478,development
SYN-CUST-02230,development
SYN-CUST-00934,holdout
SYN-CUST-02113,holdout
SYN-CUST-01474,holdout
SYN-CUST-02120,holdout
SYN-CUST-01198,holdout
SYN-CUST-02195,development
SYN-CUST-02039,development
SYN-CUST-01238,development
SYN-CUST-01239,development
SYN-CUST-00929,holdout
SYN-CUST-01849,development
SYN-CUST-02200,development
SYN-CUST-01194,development
SYN-CUST-02563,development
SYN-CUST-00417,development
SYN-CUST-01335,holdout
SYN-CUST-00907,development
SYN-CUST-01515,holdout
SYN-CUST-02754,development
SYN-CUST-01476,holdout
SYN-CUST-01070,development
SYN-CUST-00634,development
SYN-CUST-02889,development
SYN-CUST-01074,development
SYN-CUST-01426,holdout
SYN-CUST-01487,development
SYN-CUST-02115,development
SYN-CUST-01895,development
SYN-CUST-00383,development
SYN-CUST-01736,holdout
SYN-CUST-00955,development
SYN-CUST-01453,development
SYN-CUST-02072,development
SYN-CUST-00432,development
SYN-CUST-01068,development
SYN-CUST-01032,development
SYN-CUST-00663,development
SYN-CUST-00341,development
SYN-CUST-00694,development
SYN-CUST-01495,development
SYN-CUST-01959,development
SYN-CUST-02128,development
SYN-CUST-00918,holdout
SYN-CUST-02829,development
SYN-CUST-01058,development
SYN-CUST-01041,development
SYN-CUST-00268,development
SYN-CUST-02482,development
SYN-CUST-02075,development
SYN-CUST-00366,development
SYN-CUST-01029,development
SYN-CUST-00164,holdout
SYN-CUST-00045,development
SYN-CUST-00460,holdout
SYN-CUST-01652,development
SYN-CUST-01055,development
SYN-CUST-00063,development
SYN-CUST-00777,development
SYN-CUST-01454,development
SYN-CUST-01136,development
SYN-CUST-00410,holdout
SYN-CUST-00908,development
SYN-CUST-00050,development
SYN-CUST-02773,development
SYN-CUST-02714,development
SYN-CUST-02732,holdout
SYN-CUST-00444,development
SYN-CUST-00132,development
SYN-CUST-01940,holdout
SYN-CUST-01403,development
SYN-CUST-02762,holdout
SYN-CUST-01266,development
SYN-CUST-01001,development
SYN-CUST-01943,development
SYN-CUST-00257,development
SYN-CUST-02827,development
SYN-CUST-00960,development
SYN-CUST-00829,development
SYN-CUST-00576,development
SYN-CUST-02205,holdout
SYN-CUST-01916,holdout
SYN-CUST-02321,development
SYN-CUST-00394,development
SYN-CUST-00041,holdout
SYN-CUST-01367,development
SYN-CUST-00468,holdout
SYN-CUST-00462,development
SYN-CUST-02400,development
SYN-CUST-02406,holdout
SYN-CUST-00536,holdout
SYN-CUST-00313,development
SYN-CUST-02338,holdout
SYN-CUST-00865,development
SYN-CUST-02241,development
SYN-CUST-00919,development
SYN-CUST-01564,development
SYN-CUST-00561,holdout
SYN-CUST-01937,development
SYN-CUST-00252,development
SYN-CUST-01588,development
SYN-CUST-02011,holdout
SYN-CUST-01034,development
SYN-CUST-00705,development
SYN-CUST-02425,development
SYN-CUST-01647,development
SYN-CUST-01499,holdout
SYN-CUST-01783,development
SYN-CUST-00105,holdout
SYN-CUST-00598,development
SYN-CUST-01961,holdout
SYN-CUST-02937,development
SYN-CUST-02858,holdout
SYN-CUST-00317,development
SYN-CUST-01825,holdout
SYN-CUST-02832,development
SYN-CUST-00465,development
SYN-CUST-00617,development
SYN-CUST-01271,development
SYN-CUST-02940,holdout
SYN-CUST-00239,development
SYN-CUST-00051,development
SYN-CUST-02784,development
SYN-CUST-00457,holdout
SYN-CUST-00453,development
SYN-CUST-00385,development
SYN-CUST-00218,development
SYN-CUST-00284,development
SYN-CUST-00348,development
SYN-CUST-02737,development
SYN-CUST-01683,holdout
SYN-CUST-02887,development
SYN-CUST-01456,holdout
SYN-CUST-01866,development
SYN-CUST-02911,holdout
SYN-CUST-02860,holdout
SYN-CUST-00881,development
SYN-CUST-01737,holdout
SYN-CUST-00188,development
SYN-CUST-01960,development
SYN-CUST-02035,development
SYN-CUST-01970,development
SYN-CUST-01509,holdout
SYN-CUST-00008,development
SYN-CUST-00762,holdout
SYN-CUST-00813,development
SYN-CUST-02294,development
SYN-CUST-00325,development
SYN-CUST-00533,development
SYN-CUST-02149,development
SYN-CUST-00786,development
SYN-CUST-02975,development
SYN-CUST-00738,development
SYN-CUST-02655,development
SYN-CUST-01807,development
SYN-CUST-00539,development
SYN-CUST-00230,holdout
SYN-CUST-00077,development
SYN-CUST-02521,development
SYN-CUST-01263,development
SYN-CUST-00364,development
SYN-CUST-01692,development
SYN-CUST-00951,development
SYN-CUST-00237,development
SYN-CUST-00015,holdout
SYN-CUST-01600,holdout
SYN-CUST-01124,development
SYN-CUST-02037,holdout
SYN-CUST-02793,development
SYN-CUST-00115,holdout
SYN-CUST-02345,holdout
SYN-CUST-02296,development
SYN-CUST-02880,holdout
SYN-CUST-01166,development
SYN-CUST-00213,development
SYN-CUST-00047,development
SYN-CUST-01605,development
SYN-CUST-02209,development
SYN-CUST-00983,development
SYN-CUST-02280,development
SYN-CUST-00913,development
SYN-CUST-00580,development
SYN-CUST-02176,holdout
SYN-CUST-02277,development
SYN-CUST-02547,holdout
SYN-CUST-01023,development
SYN-CUST-02070,development
SYN-CUST-00226,holdout
SYN-CUST-00769,development
SYN-CUST-02624,holdout
SYN-CUST-01193,development
SYN-CUST-01035,development
SYN-CUST-00240,holdout
SYN-CUST-02868,development
SYN-CUST-01407,holdout
SYN-CUST-00349,development
SYN-CUST-02626,development
SYN-CUST-00998,development
SYN-CUST-00357,development
SYN-CUST-00411,holdout
SYN-CUST-02236,development
SYN-CUST-01724,development
SYN-CUST-00903,development
SYN-CUST-02589,development
SYN-CUST-01092,holdout
SYN-CUST-01496,development
SYN-CUST-01532,holdout
SYN-CUST-01272,development
SYN-CUST-01348,development
SYN-CUST-02108,development
SYN-CUST-02881,development
SYN-CUST-01863,development
SYN-CUST-00729,development
SYN-CUST-00365,development
SYN-CUST-02158,development
SYN-CUST-00731,development
SYN-CUST-00957,development
SYN-CUST-01732,development
SYN-CUST-00337,development
SYN-CUST-00535,development
SYN-CUST-01785,development
SYN-CUST-01066,development
SYN-CUST-01938,holdout
SYN-CUST-01740,development
SYN-CUST-00628,development
SYN-CUST-01421,holdout
SYN-CUST-01658,development
SYN-CUST-00283,development
SYN-CUST-02096,holdout
SYN-CUST-00407,development
SYN-CUST-01634,development
SYN-CUST-01365,development
SYN-CUST-02593,holdout
SYN-CUST-01045,development
SYN-CUST-02374,development
SYN-CUST-01687,development
SYN-CUST-00493,holdout
SYN-CUST-02014,holdout
SYN-CUST-01660,development
SYN-CUST-00638,development
SYN-CUST-02825,development
SYN-CUST-02902,development
SYN-CUST-00361,development
SYN-CUST-00214,development
SYN-CUST-00640,development
SYN-CUST-02160,development
SYN-CUST-02909,development
SYN-CUST-01236,development
SYN-CUST-01754,development
SYN-CUST-00675,development
SYN-CUST-02836,development
SYN-CUST-02151,holdout
SYN-CUST-00305,holdout
SYN-CUST-02451,development
SYN-CUST-00990,holdout
SYN-CUST-01897,holdout
SYN-CUST-01971,development
SYN-CUST-01590,holdout
SYN-CUST-01188,development
SYN-CUST-01477,development
SYN-CUST-00560,development
SYN-CUST-01096,development
SYN-CUST-01312,development
SYN-CUST-00133,development
SYN-CUST-00079,development
SYN-CUST-02527,development
SYN-CUST-02130,development
SYN-CUST-01225,holdout
SYN-CUST-01356,development
SYN-CUST-00677,development
SYN-CUST-00319,holdout
SYN-CUST-01708,development
SYN-CUST-02621,development
SYN-CUST-02739,development
SYN-CUST-01964,holdout
SYN-CUST-00552,development
SYN-CUST-01602,development
SYN-CUST-02972,holdout
SYN-CUST-01955,development
SYN-CUST-01167,development
SYN-CUST-01472,development
SYN-CUST-00827,development
SYN-CUST-00910,development
SYN-CUST-02877,holdout
SYN-CUST-02414,development
SYN-CUST-00496,development
SYN-CUST-00298,development
SYN-CUST-00143,development
SYN-CUST-00961,development
SYN-CUST-00538,holdout
SYN-CUST-00605,holdout
SYN-CUST-02684,development
SYN-CUST-01582,development
SYN-CUST-02007,development
SYN-CUST-02654,holdout
SYN-CUST-00314,development
SYN-CUST-00282,development
SYN-CUST-00940,development
SYN-CUST-02101,development
SYN-CUST-01276,development
SYN-CUST-01531,development
SYN-CUST-02178,development
SYN-CUST-01753,development
SYN-CUST-01900,holdout
SYN-CUST-00335,holdout
SYN-CUST-01618,development
SYN-CUST-01325,development
SYN-CUST-00635,development
SYN-CUST-01625,development
SYN-CUST-00055,development
SYN-CUST-01524,development
SYN-CUST-01290,development
SYN-CUST-01841,development
SYN-CUST-01061,development
SYN-CUST-02594,development
SYN-CUST-02361,holdout
SYN-CUST-01101,development
SYN-CUST-00316,development
SYN-CUST-01839,development
SYN-CUST-00324,development
SYN-CUST-00653,development
SYN-CUST-00860,development
SYN-CUST-02413,development
SYN-CUST-00403,holdout
SYN-CUST-00642,development
SYN-CUST-02021,development
SYN-CUST-01993,holdout
SYN-CUST-01211,development
SYN-CUST-02523,development
SYN-CUST-02962,development
SYN-CUST-02885,holdout
SYN-CUST-00735,development
SYN-CUST-01968,development
SYN-CUST-02207,development
SYN-CUST-02418,development
SYN-CUST-00169,holdout
SYN-CUST-00347,development
SYN-CUST-02620,development
SYN-CUST-02692,development
SYN-CUST-01449,development
SYN-CUST-00039,development
SYN-CUST-02588,development
SYN-CUST-01284,development
SYN-CUST-00233,holdout
SYN-CUST-02696,development
SYN-CUST-00942,development
SYN-CUST-02133,development
SYN-CUST-01814,development
SYN-CUST-02386,holdout
SYN-CUST-00471,development
SYN-CUST-01808,holdout
SYN-CUST-00553,development
SYN-CUST-02627,holdout
SYN-CUST-01130,development
SYN-CUST-00402,holdout
SYN-CUST-02622,development
SYN-CUST-01175,development
SYN-CUST-00165,development
SYN-CUST-01662,development
SYN-CUST-00508,holdout
SYN-CUST-01796,development
SYN-CUST-02888,holdout
SYN-CUST-00248,development
SYN-CUST-02701,development
SYN-CUST-01633,development
SYN-CUST-00755,development
SYN-CUST-01392,holdout
SYN-CUST-01562,development
SYN-CUST-01996,development
SYN-CUST-01249,holdout
SYN-CUST-00189,development
SYN-CUST-00223,development
SYN-CUST-00586,holdout
SYN-CUST-00075,development
SYN-CUST-01077,development
SYN-CUST-00815,development
SYN-CUST-02424,development
SYN-CUST-00287,development
SYN-CUST-02981,development
SYN-CUST-00799,development
SYN-CUST-02023,holdout
SYN-CUST-00178,development
SYN-CUST-00412,holdout
SYN-CUST-01465,development
SYN-CUST-00429,development
SYN-CUST-02470,development
SYN-CUST-00863,development
SYN-CUST-02776,development
SYN-CUST-00202,development
SYN-CUST-00488,holdout
SYN-CUST-01563,development
SYN-CUST-02273,development
SYN-CUST-01187,development
SYN-CUST-02027,development
SYN-CUST-01257,development
SYN-CUST-02303,development
SYN-CUST-01646,development
SYN-CUST-00060,development
SYN-CUST-02122,holdout
SYN-CUST-01308,development
SYN-CUST-00001,development
SYN-CUST-01294,development
SYN-CUST-02694,development
SYN-CUST-02900,holdout
SYN-CUST-02949,development
SYN-CUST-02055,holdout
SYN-CUST-00704,development
SYN-CUST-02745,development
SYN-CUST-02872,development
SYN-CUST-02215,holdout
SYN-CUST-01149,development
SYN-CUST-00593,development
SYN-CUST-02651,development
SYN-CUST-02528,development
SYN-CUST-02767,holdout
SYN-CUST-00107,holdout
SYN-CUST-00966,holdout
SYN-CUST-01223,development
SYN-CUST-01394,holdout
SYN-CUST-01890,holdout
SYN-CUST-02994,development
SYN-CUST-01852,development
SYN-CUST-02143,holdout
SYN-CUST-01932,development
SYN-CUST-02382,development
SYN-CUST-00228,holdout
SYN-CUST-01016,development
SYN-CUST-00720,holdout
SYN-CUST-02585,holdout
SYN-CUST-00975,development
SYN-CUST-00354,holdout
SYN-CUST-02031,holdout
SYN-CUST-00032,development
SYN-CUST-01374,development
SYN-CUST-01569,development
SYN-CUST-00161,development
SYN-CUST-02033,development
SYN-CUST-00519,development
SYN-CUST-01694,development
SYN-CUST-01293,development
SYN-CUST-01401,development
SYN-CUST-02189,holdout
SYN-CUST-00790,holdout
SYN-CUST-00459,development
SYN-CUST-00583,development
SYN-CUST-02367,development
SYN-CUST-00894,development
SYN-CUST-00510,development
SYN-CUST-01129,holdout
SYN-CUST-02013,development
SYN-CUST-01780,development
SYN-CUST-00224,development
SYN-CUST-00971,development
SYN-CUST-00277,holdout
SYN-CUST-01268,development
SYN-CUST-02476,development
SYN-CUST-01572,development
SYN-CUST-02677,development
SYN-CUST-00710,development
SYN-CUST-01316,holdout
SYN-CUST-01628,development
SYN-CUST-00565,development
SYN-CUST-01253,development
SYN-CUST-01843,development
SYN-CUST-00938,development
SYN-CUST-00749,development
SYN-CUST-00481,development
SYN-CUST-00839,development
SYN-CUST-02993,development
SYN-CUST-01226,development
SYN-CUST-02976,development
SYN-CUST-00092,development
SYN-CUST-01200,development
SYN-CUST-01553,development
SYN-CUST-01498,holdout
SYN-CUST-00263,development
SYN-CUST-00372,holdout
SYN-CUST-01829,development
SYN-CUST-00542,development
SYN-CUST-02954,development
SYN-CUST-00783,development
SYN-CUST-02735,development
SYN-CUST-02609,development
SYN-CUST-02950,development
SYN-CUST-02957,development
SYN-CUST-01445,development
SYN-CUST-02281,holdout
SYN-CUST-02163,development
SYN-CUST-02219,development
SYN-CUST-01601,development
SYN-CUST-02302,development
SYN-CUST-01442,development
SYN-CUST-02053,development
SYN-CUST-00850,development
SYN-CUST-00328,development
SYN-CUST-02688,development
SYN-CUST-02992,development
SYN-CUST-02353,development
SYN-CUST-02973,holdout
SYN-CUST-01957,holdout
SYN-CUST-00670,development
SYN-CUST-02024,development
SYN-CUST-01250,holdout
SYN-CUST-01108,holdout
SYN-CUST-02846,development
SYN-CUST-00097,development
SYN-CUST-02436,development
SYN-CUST-00999,development
SYN-CUST-01419,development
SYN-CUST-01704,development
SYN-CUST-02611,development
SYN-CUST-00469,development
SYN-CUST-01887,development
SYN-CUST-02935,development
SYN-CUST-02139,development
SYN-CUST-02990,holdout
SYN-CUST-02318,development
SYN-CUST-00736,holdout
SYN-CUST-02313,development
SYN-CUST-02630,development
SYN-CUST-01760,holdout
SYN-CUST-01459,development
SYN-CUST-02083,development
SYN-CUST-01747,development
SYN-CUST-02402,development
SYN-CUST-00742,holdout
SYN-CUST-01884,development
SYN-CUST-00172,development
SYN-CUST-00555,development
SYN-CUST-00089,holdout
SYN-CUST-01118,development
SYN-CUST-02044,holdout
SYN-CUST-02835,holdout
SYN-CUST-01727,development
SYN-CUST-01151,development
SYN-CUST-01463,holdout
SYN-CUST-02500,holdout
SYN-CUST-02894,development
SYN-CUST-01251,development
SYN-CUST-00779,development
SYN-CUST-01857,development
SYN-CUST-02199,holdout
SYN-CUST-02392,development
SYN-CUST-02156,development
SYN-CUST-00259,development
SYN-CUST-00935,development
SYN-CUST-00661,holdout
SYN-CUST-00052,holdout
SYN-CUST-01755,development
SYN-CUST-00557,development
SYN-CUST-00309,development
SYN-CUST-00210,holdout
SYN-CUST-00034,development
SYN-CUST-00415,holdout
SYN-CUST-00363,holdout
SYN-CUST-01470,holdout
SYN-CUST-02602,holdout
SYN-CUST-00028,development
SYN-CUST-02689,development
SYN-CUST-02155,development
SYN-CUST-02069,development
SYN-CUST-00069,development
SYN-CUST-02819,development
SYN-CUST-01287,development
SYN-CUST-01121,development
SYN-CUST-01231,development
SYN-CUST-02196,holdout
SYN-CUST-01359,development
SYN-CUST-01770,development
SYN-CUST-00183,development
SYN-CUST-00647,development
SYN-CUST-00669,development
SYN-CUST-01291,development
SYN-CUST-00914,development
SYN-CUST-00845,development
SYN-CUST-01015,development
SYN-CUST-01512,development
SYN-CUST-00629,development
SYN-CUST-01400,holdout
SYN-CUST-01080,development
SYN-CUST-00182,holdout
SYN-CUST-01877,development
SYN-CUST-00076,development
SYN-CUST-01114,development
SYN-CUST-02968,development
SYN-CUST-00941,development
SYN-CUST-01717,holdout
SYN-CUST-02592,development
SYN-CUST-00572,holdout
SYN-CUST-02180,holdout
SYN-CUST-01433,development
SYN-CUST-00186,development
SYN-CUST-02763,development
SYN-CUST-02445,holdout
SYN-CUST-01404,holdout
SYN-CUST-00867,holdout
SYN-CUST-02295,holdout
SYN-CUST-01486,holdout
SYN-CUST-02727,holdout
SYN-CUST-01259,development
SYN-CUST-01888,development
SYN-CUST-00207,development
SYN-CUST-00389,development
SYN-CUST-00959,holdout
SYN-CUST-02904,development
SYN-CUST-02005,development
SYN-CUST-02267,development
SYN-CUST-01655,development
SYN-CUST-02210,development
SYN-CUST-01989,development
SYN-CUST-02228,development
SYN-CUST-01309,holdout
SYN-CUST-01182,development
SYN-CUST-01568,holdout
SYN-CUST-02941,holdout
SYN-CUST-00622,development
SYN-CUST-01298,development
SYN-CUST-01860,holdout
SYN-CUST-02306,development
SYN-CUST-00326,development
SYN-CUST-02237,development
SYN-CUST-01430,development
SYN-CUST-00506,development
SYN-CUST-02427,holdout
SYN-CUST-01697,holdout
SYN-CUST-00623,development
SYN-CUST-00373,development
SYN-CUST-02372,holdout
SYN-CUST-02260,development
SYN-CUST-02761,development
SYN-CUST-00439,development
SYN-CUST-01962,development
SYN-CUST-00861,holdout
SYN-CUST-01788,development
SYN-CUST-02623,holdout
SYN-CUST-00857,development
SYN-CUST-01699,development
SYN-CUST-02145,development
SYN-CUST-00128,development
SYN-CUST-01102,development
SYN-CUST-02287,development
SYN-CUST-01128,holdout
SYN-CUST-01632,development
SYN-CUST-02449,development
SYN-CUST-02429,development
SYN-CUST-00279,development
SYN-CUST-02030,holdout
SYN-CUST-01036,holdout
SYN-CUST-02326,holdout
SYN-CUST-02518,development
SYN-CUST-01012,development
SYN-CUST-01134,development
SYN-CUST-01805,development
SYN-CUST-01685,development
SYN-CUST-01670,development
SYN-CUST-01789,holdout
SYN-CUST-01081,development
SYN-CUST-00288,development
SYN-CUST-00787,development
SYN-CUST-00371,development
SYN-CUST-02377,development
SYN-CUST-01653,holdout
SYN-CUST-01882,development
SYN-CUST-00627,development
SYN-CUST-02876,development
SYN-CUST-02695,development
SYN-CUST-02608,development
SYN-CUST-02728,development
SYN-CUST-02797,holdout
SYN-CUST-02458,holdout
SYN-CUST-02272,holdout
SYN-CUST-01384,development
SYN-CUST-00548,development
SYN-CUST-00763,development
SYN-CUST-00645,development
SYN-CUST-01030,development
SYN-CUST-01319,holdout
SYN-CUST-00512,development
SYN-CUST-02759,development
SYN-CUST-00620,development
SYN-CUST-00456,development
SYN-CUST-01147,development
SYN-CUST-02590,development
SYN-CUST-00206,development
SYN-CUST-01828,holdout
SYN-CUST-01452,holdout
SYN-CUST-00516,holdout
SYN-CUST-02262,holdout
SYN-CUST-02285,development
SYN-CUST-01944,holdout
SYN-CUST-00646,development
SYN-CUST-02920,development
SYN-CUST-00782,development
SYN-CUST-00954,development
SYN-CUST-00170,development
SYN-CUST-00312,holdout
SYN-CUST-00871,development
SYN-CUST-02211,development
SYN-CUST-00340,development
SYN-CUST-01592,holdout
SYN-CUST-00714,development
SYN-CUST-00713,development
SYN-CUST-01094,holdout
SYN-CUST-02555,development
SYN-CUST-00221,development
SYN-CUST-02074,development
SYN-CUST-02455,development
SYN-CUST-00458,development
SYN-CUST-01171,development
SYN-CUST-02190,development
SYN-CUST-00650,holdout
SYN-CUST-02020,development
SYN-CUST-00883,development
SYN-CUST-00499,development
SYN-CUST-02841,development
SYN-CUST-00541,development
SYN-CUST-02094,holdout
SYN-CUST-00306,holdout
SYN-CUST-02874,holdout
SYN-CUST-01241,development
SYN-CUST-01576,development
SYN-CUST-00113,development
SYN-CUST-02917,development
SYN-CUST-00807,holdout
SYN-CUST-00582,holdout
SYN-CUST-02464,development
SYN-CUST-00718,development
SYN-CUST-02370,development
SYN-CUST-02356,development
SYN-CUST-00422,development
SYN-CUST-00173,development
SYN-CUST-02495,development
SYN-CUST-00071,holdout
SYN-CUST-00234,development
SYN-CUST-01190,development
SYN-CUST-00715,holdout
SYN-CUST-02652,holdout
SYN-CUST-02817,holdout
SYN-CUST-01883,holdout
SYN-CUST-00770,development
SYN-CUST-01939,development
SYN-CUST-02640,development
SYN-CUST-02960,development
SYN-CUST-01402,development
SYN-CUST-01748,development
SYN-CUST-01088,development
SYN-CUST-02036,holdout
SYN-CUST-01768,development
SYN-CUST-02348,development
SYN-CUST-00997,development
SYN-CUST-01493,development
SYN-CUST-00805,development
SYN-CUST-01728,development
SYN-CUST-01000,development
SYN-CUST-02928,holdout
SYN-CUST-02422,development
SYN-CUST-02087,development
SYN-CUST-01395,development
SYN-CUST-00376,development
SYN-CUST-01393,development
SYN-CUST-00772,holdout
SYN-CUST-02004,development
SYN-CUST-01593,holdout
SYN-CUST-01772,development
SYN-CUST-01846,development
SYN-CUST-01710,development
SYN-CUST-00286,development
SYN-CUST-01306,holdout
SYN-CUST-00529,development
SYN-CUST-01388,development
SYN-CUST-02117,development
SYN-CUST-01201,development
SYN-CUST-01321,development
SYN-CUST-01901,holdout
SYN-CUST-00380,development
SYN-CUST-01508,development
SYN-CUST-02040,holdout
SYN-CUST-02124,development
SYN-CUST-02775,development
SYN-CUST-00810,development
SYN-CUST-00956,development
SYN-CUST-01059,development
SYN-CUST-01448,development
SYN-CUST-00053,development
SYN-CUST-01765,development
SYN-CUST-00610,development
SYN-CUST-01002,development
SYN-CUST-02435,development
SYN-CUST-01214,development
SYN-CUST-00098,development
SYN-CUST-00654,development
SYN-CUST-01079,development
SYN-CUST-01125,holdout
SYN-CUST-02248,development
SYN-CUST-00187,development
SYN-CUST-00656,development
SYN-CUST-02947,development
SYN-CUST-00212,development
SYN-CUST-01980,development
SYN-CUST-01376,development
SYN-CUST-02849,holdout
SYN-CUST-00708,development
SYN-CUST-01816,development
SYN-CUST-01071,development
SYN-CUST-02634,development
SYN-CUST-01537,development
SYN-CUST-01197,development
SYN-CUST-01718,development
SYN-CUST-02955,development
SYN-CUST-00163,development
SYN-CUST-00386,development
SYN-CUST-01910,development
SYN-CUST-01069,development
SYN-CUST-01979,holdout
SYN-CUST-01451,development
SYN-CUST-01202,development
SYN-CUST-01936,holdout
SYN-CUST-02091,development
SYN-CUST-01567,development
SYN-CUST-00984,development
SYN-CUST-00882,development
SYN-CUST-00036,development
SYN-CUST-00149,holdout
SYN-CUST-02632,development
SYN-CUST-02766,development
SYN-CUST-01350,development
SYN-CUST-02883,development
SYN-CUST-00423,holdout
SYN-CUST-02494,development
SYN-CUST-02713,development
SYN-CUST-01065,development
SYN-CUST-01949,holdout
SYN-CUST-02437,development
SYN-CUST-00450,development
SYN-CUST-02844,holdout
SYN-CUST-00111,development
SYN-CUST-02123,development
SYN-CUST-02923,holdout
SYN-CUST-00915,development
SYN-CUST-02405,development
SYN-CUST-02243,development
SYN-CUST-00530,development
SYN-CUST-02410,development
SYN-CUST-00231,development
SYN-CUST-01982,development
SYN-CUST-00504,development
SYN-CUST-01861,development
SYN-CUST-02142,development
SYN-CUST-00848,development
SYN-CUST-00216,development
SYN-CUST-01237,holdout
SYN-CUST-00789,development
SYN-CUST-02104,development
SYN-CUST-01854,development
SYN-CUST-00243,development
SYN-CUST-00351,development
SYN-CUST-01313,development
SYN-CUST-00125,development
SYN-CUST-02417,holdout
SYN-CUST-00784,development
SYN-CUST-02537,development
SYN-CUST-00858,holdout
SYN-CUST-01668,development
SYN-CUST-01965,development
SYN-CUST-01790,development
SYN-CUST-01997,development
SYN-CUST-02484,development
SYN-CUST-02109,development
SYN-CUST-01775,development
SYN-CUST-00085,development
SYN-CUST-00890,development
SYN-CUST-00124,development
SYN-CUST-01956,holdout
SYN-CUST-02912,development
SYN-CUST-00602,development
SYN-CUST-00400,development
SYN-CUST-00200,holdout
SYN-CUST-01280,development
SYN-CUST-01666,holdout
SYN-CUST-00745,development
SYN-CUST-02544,development
SYN-CUST-02848,holdout
SYN-CUST-02529,holdout
SYN-CUST-00822,development
SYN-CUST-00292,holdout
SYN-CUST-01277,development
SYN-CUST-02376,development
SYN-CUST-02477,holdout
SYN-CUST-01766,development
SYN-CUST-02873,development
SYN-CUST-00889,development
SYN-CUST-00965,holdout
SYN-CUST-02227,holdout
SYN-CUST-00261,development
SYN-CUST-01534,holdout
SYN-CUST-01972,development
SYN-CUST-00887,development
SYN-CUST-02770,holdout
SYN-CUST-02238,development
SYN-CUST-02708,development
SYN-CUST-01654,development
SYN-CUST-01296,development
SYN-CUST-00930,holdout
SYN-CUST-02892,holdout
SYN-CUST-01671,development
SYN-CUST-00624,holdout
SYN-CUST-02853,development
SYN-CUST-01518,holdout
SYN-CUST-00424,holdout
SYN-CUST-01482,holdout
SYN-CUST-01688,development
SYN-CUST-01894,holdout
SYN-CUST-00651,holdout
SYN-CUST-02798,development
SYN-CUST-02246,development
SYN-CUST-01447,development
SYN-CUST-00944,development
SYN-CUST-01085,development
SYN-CUST-02064,development
SYN-CUST-02939,development
SYN-CUST-02220,development
SYN-CUST-00409,development
SYN-CUST-02263,development
SYN-CUST-00549,development
SYN-CUST-01875,development
SYN-CUST-01638,holdout
SYN-CUST-02378,holdout
SYN-CUST-00587,development
SYN-CUST-00315,development
SYN-CUST-00022,development
SYN-CUST-00419,development
SYN-CUST-02789,holdout
SYN-CUST-00102,holdout
SYN-CUST-02354,holdout
SYN-CUST-00495,development
SYN-CUST-02479,development
SYN-CUST-00166,holdout
SYN-CUST-02913,development
SYN-CUST-00195,holdout
SYN-CUST-02840,holdout
SYN-CUST-02105,development
SYN-CUST-00235,development
SYN-CUST-00758,development
SYN-CUST-00864,holdout
SYN-CUST-00217,development
SYN-CUST-02871,holdout
SYN-CUST-02085,development
SYN-CUST-02963,development
SYN-CUST-01152,development
SYN-CUST-01847,holdout
SYN-CUST-02170,development
SYN-CUST-02570,development
SYN-CUST-00387,development
SYN-CUST-01689,holdout
SYN-CUST-00011,development
SYN-CUST-01022,development
SYN-CUST-02985,development
SYN-CUST-02842,development
SYN-CUST-02942,development
SYN-CUST-00414,development
SYN-CUST-01338,development
SYN-CUST-00905,development
SYN-CUST-02685,holdout
SYN-CUST-01109,development
SYN-CUST-02058,development
SYN-CUST-02779,holdout
SYN-CUST-00103,holdout
SYN-CUST-01615,development
SYN-CUST-02493,development
SYN-CUST-00800,development
SYN-CUST-02433,development
SYN-CUST-02818,development
SYN-CUST-02218,development
SYN-CUST-01573,development
SYN-CUST-02545,development
SYN-CUST-00099,development
SYN-CUST-00817,development
SYN-CUST-02327,development
SYN-CUST-02234,development
SYN-CUST-02734,development
SYN-CUST-00928,development
SYN-CUST-00849,development
SYN-CUST-00007,development
SYN-CUST-00724,development
SYN-CUST-01746,holdout
SYN-CUST-02601,development
SYN-CUST-01643,development
SYN-CUST-02646,development
SYN-CUST-02681,development
SYN-CUST-02086,development
SYN-CUST-00792,holdout
SYN-CUST-01984,development
SYN-CUST-01935,development
SYN-CUST-01701,development
SYN-CUST-02999,development
SYN-CUST-00451,holdout
SYN-CUST-01261,development
SYN-CUST-02707,development
SYN-CUST-02750,development
SYN-CUST-01098,development
SYN-CUST-01975,development
SYN-CUST-02805,development
SYN-CUST-00463,holdout
SYN-CUST-01749,development
SYN-CUST-00270,development
SYN-CUST-00229,development
SYN-CUST-01075,development
SYN-CUST-02806,development
SYN-CUST-00296,development
SYN-CUST-01616,development
SYN-CUST-02098,development
SYN-CUST-00958,development
SYN-CUST-01412,development
SYN-CUST-00080,holdout
SYN-CUST-02332,development
SYN-CUST-00597,development
SYN-CUST-01973,holdout
SYN-CUST-02073,development
SYN-CUST-01629,development
SYN-CUST-02461,holdout
SYN-CUST-02487,development
SYN-CUST-01850,development
SYN-CUST-01422,holdout
SYN-CUST-01053,development
SYN-CUST-02489,development
SYN-CUST-00952,development
SYN-CUST-00489,development
SYN-CUST-00668,development
SYN-CUST-00192,development
SYN-CUST-01326,development
SYN-CUST-00754,development
SYN-CUST-02466,holdout
SYN-CUST-01867,development
SYN-CUST-01138,development
SYN-CUST-02304,development
SYN-CUST-01305,holdout
SYN-CUST-00743,development
SYN-CUST-00739,development
SYN-CUST-02412,development
SYN-CUST-01391,development
SYN-CUST-02637,development
SYN-CUST-02502,development
SYN-CUST-00888,development
SYN-CUST-00461,development
SYN-CUST-02505,development
SYN-CUST-01469,development
SYN-CUST-01551,development
SYN-CUST-02862,development
SYN-CUST-01334,development
SYN-CUST-00025,development
SYN-CUST-01176,holdout
SYN-CUST-00293,development
SYN-CUST-02531,holdout
SYN-CUST-01543,development
SYN-CUST-00616,development
SYN-CUST-01383,holdout
SYN-CUST-02715,development
SYN-CUST-00501,holdout
SYN-CUST-02390,development
SYN-CUST-02483,development
SYN-CUST-01580,holdout
SYN-CUST-01986,holdout
SYN-CUST-01886,development
SYN-CUST-01389,holdout
SYN-CUST-00433,holdout
SYN-CUST-01535,holdout
SYN-CUST-00168,holdout
SYN-CUST-01707,development
SYN-CUST-02741,holdout
SYN-CUST-00350,holdout
SYN-CUST-00249,holdout
SYN-CUST-02795,holdout
SYN-CUST-00384,development
SYN-CUST-01571,holdout
SYN-CUST-01892,development
SYN-CUST-01297,development
SYN-CUST-02788,development
SYN-CUST-01371,holdout
SYN-CUST-01497,development
SYN-CUST-02415,development
SYN-CUST-00795,development
SYN-CUST-01056,holdout
SYN-CUST-00220,development
SYN-CUST-02751,development
SYN-CUST-01093,development
SYN-CUST-02686,holdout
SYN-CUST-01912,development
SYN-CUST-02910,holdout
SYN-CUST-00473,holdout
SYN-CUST-02718,development
SYN-CUST-02656,holdout
SYN-CUST-00785,holdout
SYN-CUST-00382,development
SYN-CUST-02699,development
SYN-CUST-02554,development
SYN-CUST-02639,holdout
SYN-CUST-00566,development
SYN-CUST-00614,development
SYN-CUST-01360,development
SYN-CUST-02769,development
SYN-CUST-00359,holdout
SYN-CUST-00515,holdout
SYN-CUST-01781,development
SYN-CUST-02932,development
SYN-CUST-02208,holdout
SYN-CUST-01273,holdout
SYN-CUST-00924,development
SYN-CUST-00391,development
SYN-CUST-01714,development
SYN-CUST-02867,holdout
SYN-CUST-01533,development
SYN-CUST-01680,development
SYN-CUST-02463,development
SYN-CUST-01164,holdout
SYN-CUST-00931,development
SYN-CUST-01322,development
SYN-CUST-02305,development
SYN-CUST-02041,development
SYN-CUST-01178,holdout
SYN-CUST-01222,development
SYN-CUST-00020,development
SYN-CUST-00877,development
SYN-CUST-00673,development
SYN-CUST-00038,holdout
SYN-CUST-02421,development
SYN-CUST-02839,holdout
SYN-CUST-01686,holdout
SYN-CUST-00246,development
SYN-CUST-02670,development
SYN-CUST-01256,holdout
SYN-CUST-00609,development
SYN-CUST-01702,development
SYN-CUST-01010,development
SYN-CUST-02804,development
SYN-CUST-02320,development
SYN-CUST-02908,development
SYN-CUST-02916,development
SYN-CUST-00301,development
SYN-CUST-02276,holdout
SYN-CUST-00891,holdout
SYN-CUST-01819,development
SYN-CUST-02411,development
SYN-CUST-00979,holdout
SYN-CUST-01607,holdout
SYN-CUST-02557,development
SYN-CUST-01919,holdout
SYN-CUST-00631,development
SYN-CUST-00925,development
SYN-CUST-01514,development
SYN-CUST-00906,development
SYN-CUST-01720,development
SYN-CUST-01987,development
SYN-CUST-00342,development
SYN-CUST-01994,development
SYN-CUST-01475,development
SYN-CUST-00804,holdout
SYN-CUST-01806,holdout
SYN-CUST-02471,holdout
SYN-CUST-01559,development
SYN-CUST-00953,development
SYN-CUST-02828,development
SYN-CUST-02157,development
SYN-CUST-01902,development
SYN-CUST-01137,development
SYN-CUST-02672,holdout
SYN-CUST-01778,holdout
SYN-CUST-00900,development
SYN-CUST-01909,holdout
SYN-CUST-02551,development
SYN-CUST-01025,development
SYN-CUST-01837,development
SYN-CUST-01774,development
SYN-CUST-01635,holdout
SYN-CUST-00126,development
SYN-CUST-02680,development
SYN-CUST-02578,development
SYN-CUST-02468,development
SYN-CUST-01800,development
SYN-CUST-00114,development
SYN-CUST-01706,development
SYN-CUST-02135,development
SYN-CUST-02169,development
SYN-CUST-02562,development
SYN-CUST-02787,development
SYN-CUST-01641,development
SYN-CUST-02290,holdout
SYN-CUST-00159,holdout
SYN-CUST-02079,development
SYN-CUST-00612,development
SYN-CUST-02312,development
SYN-CUST-00232,development
SYN-CUST-02472,development
SYN-CUST-01441,development
SYN-CUST-02948,holdout
SYN-CUST-02203,development
SYN-CUST-01161,development
SYN-CUST-01700,development
SYN-CUST-01918,holdout
SYN-CUST-00000,development
SYN-CUST-01007,development
SYN-CUST-00262,development
SYN-CUST-00776,holdout
SYN-CUST-02742,holdout
SYN-CUST-01265,development
SYN-CUST-00686,development
SYN-CUST-01217,development
SYN-CUST-02729,development
SYN-CUST-01082,holdout
SYN-CUST-01506,development
SYN-CUST-01827,development
SYN-CUST-00016,holdout
SYN-CUST-01484,development
SYN-CUST-02747,development
SYN-CUST-00893,development
SYN-CUST-00543,development
SYN-CUST-01899,development
SYN-CUST-00503,holdout
SYN-CUST-02316,development
SYN-CUST-00106,development
SYN-CUST-01379,development
SYN-CUST-00119,development
SYN-CUST-02341,development
SYN-CUST-00006,development
SYN-CUST-01437,holdout
SYN-CUST-00771,development
SYN-CUST-02409,development
SYN-CUST-02001,development
SYN-CUST-00336,development
SYN-CUST-02958,development
SYN-CUST-02989,holdout
SYN-CUST-00814,development
SYN-CUST-00448,development
SYN-CUST-02222,development
SYN-CUST-02204,development
SYN-CUST-01864,development
SYN-CUST-02820,development
SYN-CUST-00156,holdout
SYN-CUST-00137,holdout
SYN-CUST-00898,development
SYN-CUST-02526,development
SYN-CUST-02577,holdout
SYN-CUST-02239,development
SYN-CUST-02629,development
SYN-CUST-00049,development
SYN-CUST-01803,development
SYN-CUST-02956,holdout
SYN-CUST-01767,holdout
SYN-CUST-00176,development
SYN-CUST-02380,development
SYN-CUST-00844,development
SYN-CUST-00513,development
SYN-CUST-02256,development
SYN-CUST-01958,development
SYN-CUST-00320,development
SYN-CUST-00556,holdout
SYN-CUST-01275,development
SYN-CUST-00712,development
SYN-CUST-00004,development
SYN-CUST-01281,development
SYN-CUST-02077,development
SYN-CUST-00120,development
SYN-CUST-00280,development
SYN-CUST-02444,development
SYN-CUST-00452,development
SYN-CUST-02398,holdout
SYN-CUST-01550,development
SYN-CUST-02711,holdout
SYN-CUST-00681,development
SYN-CUST-02778,development
SYN-CUST-00514,development
SYN-CUST-02822,development
SYN-CUST-02264,development
SYN-CUST-00377,holdout
SYN-CUST-00381,development
SYN-CUST-02394,holdout
SYN-CUST-00970,development
SYN-CUST-02918,development
SYN-CUST-01043,development
SYN-CUST-02800,development
SYN-CUST-00253,development
SYN-CUST-02271,development
SYN-CUST-02423,development
SYN-CUST-00073,development
SYN-CUST-01170,development
SYN-CUST-00698,development
SYN-CUST-01723,holdout
SYN-CUST-02283,development
SYN-CUST-00331,development
SYN-CUST-00920,holdout
SYN-CUST-01528,holdout
SYN-CUST-02548,holdout
SYN-CUST-02137,holdout
SYN-CUST-00611,holdout
SYN-CUST-01946,development
SYN-CUST-01672,development
SYN-CUST-00672,development
SYN-CUST-01824,development
SYN-CUST-02443,development
SYN-CUST-00035,development
SYN-CUST-00823,development
SYN-CUST-01116,development
SYN-CUST-00264,development
SYN-CUST-01520,development
SYN-CUST-02229,development
SYN-CUST-00936,development
SYN-CUST-01731,development
SYN-CUST-00721,development
SYN-CUST-02584,development
SYN-CUST-02603,development
SYN-CUST-01399,development
SYN-CUST-00678,development
SYN-CUST-02401,development
SYN-CUST-02299,development
SYN-CUST-01691,development
SYN-CUST-00796,development
SYN-CUST-01255,development
SYN-CUST-00558,holdout
SYN-CUST-01362,holdout
SYN-CUST-02510,development
SYN-CUST-02112,development
SYN-CUST-02721,development
SYN-CUST-00211,development
SYN-CUST-02613,development
SYN-CUST-00148,development
SYN-CUST-01798,development
SYN-CUST-00339,development
SYN-CUST-02546,holdout
SYN-CUST-00649,development
SYN-CUST-02052,development
SYN-CUST-01179,development
SYN-CUST-00846,development
SYN-CUST-02017,development
SYN-CUST-02255,development
SYN-CUST-01269,development
SYN-CUST-00074,development
SYN-CUST-01684,development
SYN-CUST-01663,development
SYN-CUST-01983,holdout
SYN-CUST-00579,development
SYN-CUST-02188,development
SYN-CUST-02854,development
SYN-CUST-02049,development
SYN-CUST-00307,development
SYN-CUST-02516,holdout
SYN-CUST-02045,development
SYN-CUST-01603,development
SYN-CUST-01856,development
SYN-CUST-01366,development
SYN-CUST-01743,development
SYN-CUST-02084,holdout
SYN-CUST-01340,holdout
SYN-CUST-02177,development
SYN-CUST-02344,development
SYN-CUST-01148,development
SYN-CUST-02488,holdout
SYN-CUST-02152,holdout
SYN-CUST-02576,holdout
SYN-CUST-01473,development
SYN-CUST-02824,development
SYN-CUST-00474,development
SYN-CUST-02869,development
SYN-CUST-02071,development
SYN-CUST-02532,development
SYN-CUST-00808,development
SYN-CUST-00722,development
SYN-CUST-02298,development
SYN-CUST-00390,development
SYN-CUST-01358,development
SYN-CUST-02934,development
SYN-CUST-01115,development
SYN-CUST-02381,holdout
SYN-CUST-01637,development
SYN-CUST-00601,development
SYN-CUST-02247,development
SYN-CUST-01429,development
SYN-CUST-01656,development
SYN-CUST-02496,development
SYN-CUST-00477,development
SYN-CUST-01192,development
SYN-CUST-01048,development
SYN-CUST-01468,development
SYN-CUST-02997,development
SYN-CUST-01554,development
SYN-CUST-02676,development
SYN-CUST-02791,development
SYN-CUST-00833,development
SYN-CUST-02746,development
SYN-CUST-02915,development
SYN-CUST-00205,development
SYN-CUST-01526,holdout
SYN-CUST-00701,development
SYN-CUST-00427,holdout
SYN-CUST-01162,development
SYN-CUST-02927,development
SYN-CUST-01014,holdout
SYN-CUST-00441,development
SYN-CUST-01279,development
SYN-CUST-02127,development
SYN-CUST-00608,development
SYN-CUST-02349,development
SYN-CUST-02019,development
SYN-CUST-02140,development
SYN-CUST-02480,development
SYN-CUST-00696,development
SYN-CUST-01300,development
SYN-CUST-01667,development
SYN-CUST-00655,development
SYN-CUST-00825,development
SYN-CUST-00154,holdout
SYN-CUST-02850,development
SYN-CUST-01416,development
SYN-CUST-00033,development
SYN-CUST-02987,holdout
SYN-CUST-00719,development
SYN-CUST-00987,holdout
SYN-CUST-01657,development
SYN-CUST-00070,development
SYN-CUST-02257,development
SYN-CUST-01330,holdout
SYN-CUST-02690,development
SYN-CUST-02265,holdout
SYN-CUST-02067,holdout
SYN-CUST-02636,holdout
SYN-CUST-01295,development
SYN-CUST-00323,development
SYN-CUST-00003,development
SYN-CUST-00683,development
SYN-CUST-01595,development
SYN-CUST-00497,development
SYN-CUST-00707,holdout
SYN-CUST-01440,development
SYN-CUST-02705,development
SYN-CUST-00657,development
SYN-CUST-01677,development
SYN-CUST-01869,development
SYN-CUST-01981,development
SYN-CUST-01160,holdout
SYN-CUST-01953,holdout
SYN-CUST-02314,holdout
SYN-CUST-01221,holdout
SYN-CUST-01630,development
SYN-CUST-02403,development
SYN-CUST-00084,development
SYN-CUST-00801,development
SYN-CUST-02323,development
SYN-CUST-01521,development
SYN-CUST-00687,development
SYN-CUST-00014,development
SYN-CUST-02744,holdout
SYN-CUST-02006,holdout
SYN-CUST-02385,development
SYN-CUST-00117,development
SYN-CUST-02509,development
SYN-CUST-01425,development
SYN-CUST-00994,development
SYN-CUST-00873,development
SYN-CUST-00065,development
SYN-CUST-01329,holdout
SYN-CUST-01992,development
SYN-CUST-00818,development
SYN-CUST-01378,development
SYN-CUST-02254,development
SYN-CUST-00013,development
SYN-CUST-00879,development
SYN-CUST-02534,development
SYN-CUST-00884,development
SYN-CUST-02167,development
SYN-CUST-02129,development
SYN-CUST-00401,development
SYN-CUST-00144,holdout
SYN-CUST-00830,development
SYN-CUST-02823,development
SYN-CUST-02132,development
SYN-CUST-01500,development
SYN-CUST-02364,development
SYN-CUST-00585,development
SYN-CUST-01665,holdout
SYN-CUST-00695,development
SYN-CUST-02334,holdout
SYN-CUST-02809,development
SYN-CUST-00062,holdout
SYN-CUST-00570,development
SYN-CUST-02221,development
SYN-CUST-02499,development
SYN-CUST-00525,development
SYN-CUST-02855,development
SYN-CUST-02813,development
SYN-CUST-02375,development
SYN-CUST-01286,holdout
SYN-CUST-01411,holdout
SYN-CUST-01978,development
SYN-CUST-01375,holdout
SYN-CUST-02995,holdout
SYN-CUST-02022,development
SYN-CUST-00379,development
SYN-CUST-01587,development
SYN-CUST-01270,development
SYN-CUST-01364,development
SYN-CUST-02780,development
SYN-CUST-01208,holdout
SYN-CUST-01907,holdout
SYN-CUST-02192,holdout
SYN-CUST-00748,development
SYN-CUST-00040,holdout
SYN-CUST-01574,development
SYN-CUST-01626,development
SYN-CUST-01020,development
SYN-CUST-00775,development
SYN-CUST-00193,development
SYN-CUST-01408,development
SYN-CUST-01457,development
SYN-CUST-02765,holdout
SYN-CUST-02000,development
SYN-CUST-00684,development
SYN-CUST-00442,development
SYN-CUST-00773,holdout
SYN-CUST-01913,development
SYN-CUST-01930,development
SYN-CUST-02542,development
SYN-CUST-01026,holdout
SYN-CUST-02340,development
SYN-CUST-02772,development
SYN-CUST-01682,development
SYN-CUST-01896,development
SYN-CUST-01431,development
SYN-CUST-00832,development
SYN-CUST-02034,development
SYN-CUST-02506,development
SYN-CUST-02391,development
SYN-CUST-02216,development
SYN-CUST-00869,development
SYN-CUST-00604,holdout
SYN-CUST-00242,development
SYN-CUST-00876,development
SYN-CUST-01566,development
SYN-CUST-02448,development
SYN-CUST-02660,development
SYN-CUST-01285,development
SYN-CUST-02642,holdout
SYN-CUST-02131,development
SYN-CUST-02617,development
SYN-CUST-02726,development
SYN-CUST-01610,development
SYN-CUST-01649,development
SYN-CUST-00485,holdout
SYN-CUST-01381,development
SYN-CUST-01173,development
SYN-CUST-02730,development
SYN-CUST-01721,development
SYN-CUST-01095,development
SYN-CUST-00693,holdout
SYN-CUST-00700,development
SYN-CUST-01905,development
SYN-CUST-01133,holdout
SYN-CUST-01759,development
SYN-CUST-01597,holdout
SYN-CUST-02346,development
SYN-CUST-02193,development
SYN-CUST-00798,holdout
SYN-CUST-01004,holdout
SYN-CUST-02926,development
SYN-CUST-00346,holdout
SYN-CUST-00690,development
SYN-CUST-02875,development
SYN-CUST-00375,development
SYN-CUST-00470,development
SYN-CUST-02896,development
SYN-CUST-00547,development
SYN-CUST-00438,holdout
SYN-CUST-02723,development
SYN-CUST-02565,development
SYN-CUST-02440,development
SYN-CUST-01337,development
SYN-CUST-01011,development
SYN-CUST-02159,development
SYN-CUST-00526,development
SYN-CUST-02573,development
SYN-CUST-01969,development
SYN-CUST-00285,development
SYN-CUST-01352,holdout
SYN-CUST-00110,development
SYN-CUST-00260,holdout
SYN-CUST-02054,development
SYN-CUST-00524,development
SYN-CUST-01995,development
SYN-CUST-02181,development
SYN-CUST-02782,development
SYN-CUST-02016,development
SYN-CUST-01942,development
SYN-CUST-02893,development
SYN-CUST-01810,development
SYN-CUST-02951,development
SYN-CUST-02459,development
SYN-CUST-00618,holdout
SYN-CUST-01050,development
SYN-CUST-01678,development
SYN-CUST-01479,development
SYN-CUST-02457,holdout
SYN-CUST-01302,development
SYN-CUST-00059,holdout
SYN-CUST-01227,holdout
SYN-CUST-02558,development
SYN-CUST-01185,development
SYN-CUST-02416,development
SYN-CUST-01444,development
SYN-CUST-02619,development
SYN-CUST-00121,development
SYN-CUST-00479,development
SYN-CUST-01589,development
SYN-CUST-00204,holdout
SYN-CUST-01165,development
SYN-CUST-02638,development
SYN-CUST-01228,holdout
SYN-CUST-00368,development
SYN-CUST-01529,development
SYN-CUST-01146,holdout
SYN-CUST-00083,holdout
SYN-CUST-01925,development
SYN-CUST-02662,development
SYN-CUST-01168,development
SYN-CUST-01414,development
SYN-CUST-00344,development
SYN-CUST-02943,holdout
SYN-CUST-01432,development
SYN-CUST-00764,development
SYN-CUST-01327,development
SYN-CUST-02297,development
SYN-CUST-01817,development
SYN-CUST-00118,holdout
SYN-CUST-02843,development
SYN-CUST-00418,development
SYN-CUST-01879,development
SYN-CUST-02368,holdout
SYN-CUST-02202,holdout
SYN-CUST-02719,development
SYN-CUST-01712,development
SYN-CUST-00434,development
SYN-CUST-00781,development
SYN-CUST-01794,development
SYN-CUST-01787,development
SYN-CUST-01639,holdout
SYN-CUST-02347,holdout
SYN-CUST-01513,development
SYN-CUST-00551,development
SYN-CUST-00123,holdout
SYN-CUST-02048,development
SYN-CUST-01539,development
SYN-CUST-00112,development
SYN-CUST-01792,holdout
SYN-CUST-00435,development
SYN-CUST-00728,holdout
SYN-CUST-00591,development
SYN-CUST-02748,development
SYN-CUST-01523,development
SYN-CUST-00406,development
SYN-CUST-00853,holdout
SYN-CUST-00793,development
SYN-CUST-01560,holdout
SYN-CUST-01158,holdout
SYN-CUST-02010,development
SYN-CUST-02352,development
SYN-CUST-00780,development
SYN-CUST-02645,development
SYN-CUST-02811,development
SYN-CUST-02335,development
SYN-CUST-01351,development
SYN-CUST-02903,development
SYN-CUST-00476,holdout
SYN-CUST-00632,development
SYN-CUST-01811,holdout
SYN-CUST-01336,development
SYN-CUST-00967,development
SYN-CUST-00245,holdout
SYN-CUST-02512,development
SYN-CUST-00321,development
SYN-CUST-02598,development
SYN-CUST-01911,development
SYN-CUST-02063,development
SYN-CUST-01126,development
SYN-CUST-02268,development
SYN-CUST-00295,development
SYN-CUST-00009,development
SYN-CUST-01345,development
SYN-CUST-00947,holdout
SYN-CUST-00923,holdout
SYN-CUST-00838,holdout
SYN-CUST-00467,development
SYN-CUST-01586,development
SYN-CUST-02043,development
SYN-CUST-00759,holdout
SYN-CUST-01565,development
SYN-CUST-00511,holdout
SYN-CUST-01005,development
SYN-CUST-01858,development
SYN-CUST-01207,development
SYN-CUST-01089,holdout
SYN-CUST-01324,development
SYN-CUST-00171,holdout
SYN-CUST-00289,development
SYN-CUST-01681,development
SYN-CUST-02649,development
SYN-CUST-01177,holdout
SYN-CUST-00855,holdout
SYN-CUST-01644,development
SYN-CUST-00636,development
SYN-CUST-02864,development
SYN-CUST-02583,development
SYN-CUST-01822,development
SYN-CUST-02166,holdout
SYN-CUST-01583,development
SYN-CUST-02600,development
SYN-CUST-01372,development
SYN-CUST-02559,development
SYN-CUST-02870,development
SYN-CUST-00753,development
SYN-CUST-01966,development
SYN-CUST-02291,development
SYN-CUST-02614,holdout
SYN-CUST-01797,development
SYN-CUST-02336,holdout
SYN-CUST-00968,development
SYN-CUST-02520,development
SYN-CUST-01874,development
SYN-CUST-00897,development
SYN-CUST-01353,development
SYN-CUST-02141,holdout
SYN-CUST-02673,development
SYN-CUST-02891,development
SYN-CUST-00737,development
SYN-CUST-02567,holdout
SYN-CUST-01019,development
SYN-CUST-00086,development
SYN-CUST-00806,holdout
SYN-CUST-00302,holdout
SYN-CUST-01332,development
SYN-CUST-00483,development
SYN-CUST-01927,holdout
SYN-CUST-00717,development
SYN-CUST-02515,development
SYN-CUST-01282,holdout
SYN-CUST-01914,development
SYN-CUST-02397,development
SYN-CUST-01795,holdout
SYN-CUST-00840,holdout
SYN-CUST-01303,holdout
SYN-CUST-01283,holdout
SYN-CUST-01397,holdout
SYN-CUST-02898,development
SYN-CUST-01991,development
SYN-CUST-02008,development
SYN-CUST-02358,holdout
SYN-CUST-02060,development
SYN-CUST-01693,development
SYN-CUST-02187,development
SYN-CUST-00595,development
SYN-CUST-02184,development
SYN-CUST-02369,development
SYN-CUST-01954,development
SYN-CUST-00992,development
SYN-CUST-01853,development
SYN-CUST-02293,development
SYN-CUST-00334,development
SYN-CUST-01084,development
SYN-CUST-00030,holdout
SYN-CUST-02201,development
SYN-CUST-02556,development
SYN-CUST-02977,holdout
SYN-CUST-01159,holdout
SYN-CUST-02249,development
SYN-CUST-00446,development
SYN-CUST-02595,development
SYN-CUST-01640,development
SYN-CUST-00255,development
SYN-CUST-02519,development
SYN-CUST-01111,development
SYN-CUST-00167,development
SYN-CUST-00322,development
SYN-CUST-02082,development
SYN-CUST-02936,holdout
SYN-CUST-01380,development
SYN-CUST-00127,development
SYN-CUST-02389,development
SYN-CUST-02066,development
SYN-CUST-01928,holdout
SYN-CUST-00945,development
SYN-CUST-02076,development
SYN-CUST-00445,development
SYN-CUST-00480,development
SYN-CUST-02442,development
SYN-CUST-02258,development
SYN-CUST-00854,development
SYN-CUST-01370,development
SYN-CUST-02552,development
SYN-CUST-02343,development
SYN-CUST-02606,development
SYN-CUST-00842,holdout
SYN-CUST-00136,development
SYN-CUST-00026,holdout
SYN-CUST-00812,holdout
SYN-CUST-02597,development
SYN-CUST-00716,holdout
SYN-CUST-00254,development
SYN-CUST-00181,holdout
SYN-CUST-00584,development
SYN-CUST-01143,development
SYN-CUST-00269,development
SYN-CUST-00540,development
SYN-CUST-00797,holdout
SYN-CUST-00662,development
SYN-CUST-02492,development
SYN-CUST-01434,development
SYN-CUST-01784,development
SYN-CUST-01385,development
SYN-CUST-02635,development
SYN-CUST-02042,development
SYN-CUST-01415,development
SYN-CUST-00878,development
SYN-CUST-02944,development
SYN-CUST-01865,development
SYN-CUST-00271,development
SYN-CUST-02266,development
SYN-CUST-01891,development
SYN-CUST-01676,holdout
SYN-CUST-02009,development
SYN-CUST-00356,development
SYN-CUST-01552,development
SYN-CUST-00352,holdout
SYN-CUST-00399,development
SYN-CUST-02474,holdout
SYN-CUST-02749,development
SYN-CUST-01145,holdout
SYN-CUST-01049,development
SYN-CUST-02050,development
SYN-CUST-01248,development
SYN-CUST-02753,development
SYN-CUST-01142,development
SYN-CUST-01786,development
SYN-CUST-02507,development
SYN-CUST-01233,development
SYN-CUST-02816,development
SYN-CUST-02671,holdout
SYN-CUST-00652,development
SYN-CUST-01826,development
SYN-CUST-01117,development
SYN-CUST-00505,development
SYN-CUST-02456,development
SYN-CUST-00964,development
SYN-CUST-00157,development
SYN-CUST-01507,holdout
SYN-CUST-02362,development
SYN-CUST-02814,holdout
SYN-CUST-01845,development
SYN-CUST-01054,holdout
SYN-CUST-00768,holdout
SYN-CUST-01191,holdout
SYN-CUST-01042,development
SYN-CUST-00082,holdout
SYN-CUST-02288,development
SYN-CUST-00421,development
SYN-CUST-02407,development
SYN-CUST-02783,development
SYN-CUST-00904,development
SYN-CUST-00625,development
SYN-CUST-01599,holdout
SYN-CUST-02953,development
SYN-CUST-02801,development
SYN-CUST-02991,development
SYN-CUST-02473,holdout
SYN-CUST-02702,development
SYN-CUST-01624,development
SYN-CUST-02481,development
SYN-CUST-02284,holdout
SYN-CUST-00916,development
SYN-CUST-00981,development
SYN-CUST-02046,development
SYN-CUST-00594,development
SYN-CUST-01889,development
SYN-CUST-02226,development
SYN-CUST-00943,development
SYN-CUST-00393,development
SYN-CUST-02802,holdout
SYN-CUST-01809,development
SYN-CUST-02269,development
SYN-CUST-01990,development
SYN-CUST-00946,development
SYN-CUST-02610,development
SYN-CUST-02549,development
SYN-CUST-02564,development
SYN-CUST-02399,development
SYN-CUST-01695,holdout
SYN-CUST-00927,development
SYN-CUST-00599,development
SYN-CUST-02513,holdout
SYN-CUST-01608,development
SYN-CUST-01761,holdout
SYN-CUST-00826,development
SYN-CUST-00491,development
SYN-CUST-00760,development
SYN-CUST-00901,development
SYN-CUST-00318,development
SYN-CUST-02182,development
SYN-CUST-01739,holdout
SYN-CUST-00018,development
SYN-CUST-01060,development
SYN-CUST-00104,holdout
SYN-CUST-02674,development
SYN-CUST-01346,development
SYN-CUST-01557,development
SYN-CUST-01110,holdout
SYN-CUST-00198,development
SYN-CUST-00090,development
SYN-CUST-02777,development
SYN-CUST-00219,holdout
SYN-CUST-02675,development
SYN-CUST-02899,development
SYN-CUST-01522,development
SYN-CUST-02945,development
SYN-CUST-01382,holdout
SYN-CUST-01490,holdout
SYN-CUST-01541,holdout
SYN-CUST-00190,development
SYN-CUST-02504,holdout
SYN-CUST-01831,development
SYN-CUST-02387,development
SYN-CUST-01113,development
SYN-CUST-02194,development
SYN-CUST-01923,holdout
SYN-CUST-01799,development
SYN-CUST-01908,holdout
SYN-CUST-00430,development
SYN-CUST-02539,development
SYN-CUST-02286,development
SYN-CUST-01076,development
SYN-CUST-01617,development
SYN-CUST-02395,development
SYN-CUST-02274,development
SYN-CUST-02396,development
SYN-CUST-02231,development
SYN-CUST-01243,development
SYN-CUST-01842,development
SYN-CUST-00029,development
SYN-CUST-00697,development
SYN-CUST-01157,development
SYN-CUST-00413,holdout
SYN-CUST-01013,holdout
SYN-CUST-01821,development
SYN-CUST-01596,development
SYN-CUST-01620,development
SYN-CUST-00982,development
SYN-CUST-02895,development
SYN-CUST-02785,development
SYN-CUST-01836,development
SYN-CUST-01661,holdout
SYN-CUST-02697,development
SYN-CUST-02607,development
SYN-CUST-01274,development
SYN-CUST-02420,holdout
SYN-CUST-02333,development
SYN-CUST-01247,development
SYN-CUST-02647,holdout
SYN-CUST-00225,development
SYN-CUST-00044,holdout
SYN-CUST-02324,development
SYN-CUST-02720,development
SYN-CUST-00131,holdout
SYN-CUST-02065,development
SYN-CUST-01679,development
SYN-CUST-00142,holdout
SYN-CUST-00138,holdout
SYN-CUST-02250,holdout
SYN-CUST-01368,holdout
SYN-CUST-00859,development
SYN-CUST-01105,development
SYN-CUST-02807,development
SYN-CUST-01744,development
SYN-CUST-00828,development
SYN-CUST-02393,holdout
SYN-CUST-00892,development
SYN-CUST-00819,development
SYN-CUST-02469,development
SYN-CUST-01090,development
SYN-CUST-00100,development
SYN-CUST-01428,development
SYN-CUST-01006,development
SYN-CUST-01823,holdout
SYN-CUST-01777,development
SYN-CUST-02615,development
SYN-CUST-01713,development
SYN-CUST-01064,holdout
SYN-CUST-02691,development
SYN-CUST-01575,development
SYN-CUST-01174,development
SYN-CUST-01246,holdout
SYN-CUST-00688,holdout
SYN-CUST-01527,development
SYN-CUST-02153,development
SYN-CUST-02865,development
SYN-CUST-02736,development
SYN-CUST-01998,development
SYN-CUST-01132,development
SYN-CUST-01871,development
SYN-CUST-01323,development
SYN-CUST-00732,holdout
SYN-CUST-00692,holdout
SYN-CUST-00741,development
SYN-CUST-00091,development
SYN-CUST-00802,holdout
SYN-CUST-02808,development
SYN-CUST-01926,development
SYN-CUST-02111,development
SYN-CUST-00926,development
SYN-CUST-00521,holdout
SYN-CUST-01801,holdout
SYN-CUST-01516,holdout
SYN-CUST-02107,holdout
SYN-CUST-02929,development
SYN-CUST-01941,development
SYN-CUST-01063,development
SYN-CUST-02282,development
SYN-CUST-01304,development
SYN-CUST-00791,development
SYN-CUST-02148,development
SYN-CUST-02475,development
SYN-CUST-01779,development
SYN-CUST-00691,development
SYN-CUST-01696,holdout
SYN-CUST-01406,development
SYN-CUST-02217,development
SYN-CUST-02667,holdout
SYN-CUST-01725,development
SYN-CUST-01751,holdout
SYN-CUST-01427,holdout
SYN-CUST-01262,development
SYN-CUST-01488,development
SYN-CUST-01240,holdout
SYN-CUST-02490,development
SYN-CUST-00667,development
SYN-CUST-02491,holdout
SYN-CUST-02653,development
SYN-CUST-02441,development
SYN-CUST-01604,development
SYN-CUST-02845,holdout
SYN-CUST-02931,development
SYN-CUST-01502,holdout
SYN-CUST-01443,development
SYN-CUST-02350,development
SYN-CUST-02541,development
SYN-CUST-01083,development
SYN-CUST-02103,development
SYN-CUST-01003,holdout
SYN-CUST-00734,holdout
SYN-CUST-00251,development
SYN-CUST-01299,development
SYN-CUST-02240,development
SYN-CUST-01915,development
SYN-CUST-01833,holdout
SYN-CUST-01802,development
SYN-CUST-02233,development
SYN-CUST-01355,development
SYN-CUST-01974,development
SYN-CUST-01072,development
SYN-CUST-01349,development
SYN-CUST-02866,holdout
SYN-CUST-02134,holdout
SYN-CUST-01606,development
SYN-CUST-02810,development
SYN-CUST-00500,development
SYN-CUST-01855,holdout
SYN-CUST-02365,holdout
SYN-CUST-01458,holdout
SYN-CUST-02861,development
SYN-CUST-00821,holdout
SYN-CUST-01614,development
SYN-CUST-02185,holdout
SYN-CUST-01549,development
SYN-CUST-02465,development
SYN-CUST-01750,development
SYN-CUST-02543,holdout
SYN-CUST-02388,development
SYN-CUST-01540,development
SYN-CUST-01673,development
SYN-CUST-00056,development
SYN-CUST-00841,development
SYN-CUST-01613,holdout
SYN-CUST-01504,holdout
SYN-CUST-02561,development
SYN-CUST-00895,development
SYN-CUST-02998,development
SYN-CUST-00532,development
SYN-CUST-00831,development
SYN-CUST-02114,development
SYN-CUST-02363,holdout
SYN-CUST-00327,development
SYN-CUST-02628,development
SYN-CUST-02012,development
SYN-CUST-00498,development
SYN-CUST-01741,holdout
SYN-CUST-01485,development
SYN-CUST-02198,development
SYN-CUST-00067,development
SYN-CUST-02525,development
SYN-CUST-01106,holdout
SYN-CUST-02533,development
SYN-CUST-02821,development
SYN-CUST-02432,holdout
SYN-CUST-01455,development
SYN-CUST-00398,holdout
SYN-CUST-01503,development
SYN-CUST-00122,development
SYN-CUST-01153,development
SYN-CUST-00589,development
SYN-CUST-00185,holdout
SYN-CUST-00671,development
SYN-CUST-00492,development
SYN-CUST-00397,development
SYN-CUST-01439,development
SYN-CUST-00862,development
SYN-CUST-01948,development
SYN-CUST-01318,holdout
SYN-CUST-01206,holdout
SYN-CUST-02100,development
SYN-CUST-02731,development
SYN-CUST-02644,development
SYN-CUST-01758,development
SYN-CUST-02175,development
SYN-CUST-00527,development
SYN-CUST-01851,development
SYN-CUST-00637,development
SYN-CUST-00607,development
SYN-CUST-00096,development
SYN-CUST-02752,development
SYN-CUST-01232,development
SYN-CUST-02308,development
SYN-CUST-02450,development
SYN-CUST-02790,development
SYN-CUST-02384,development
SYN-CUST-01963,holdout
SYN-CUST-01722,development
SYN-CUST-02716,development
SYN-CUST-00416,development
SYN-CUST-01835,development
SYN-CUST-02261,development
SYN-CUST-01648,development
SYN-CUST-02121,development
SYN-CUST-00746,development
SYN-CUST-00740,development
SYN-CUST-01556,development
SYN-CUST-01664,development
SYN-CUST-02088,development
SYN-CUST-00408,development
SYN-CUST-01645,holdout
SYN-CUST-02740,holdout
SYN-CUST-00567,development
SYN-CUST-01813,development
SYN-CUST-02538,development
SYN-CUST-00937,development
SYN-CUST-02863,development
SYN-CUST-01258,development
SYN-CUST-01548,development
SYN-CUST-02453,holdout
SYN-CUST-02758,development
SYN-CUST-00135,development
SYN-CUST-02165,development
SYN-CUST-01180,development
SYN-CUST-00304,development
SYN-CUST-00674,development
SYN-CUST-02428,holdout
SYN-CUST-02252,development
SYN-CUST-00574,development
SYN-CUST-02965,development
SYN-CUST-00564,development
SYN-CUST-00153,holdout
SYN-CUST-02235,holdout
SYN-CUST-00711,holdout
SYN-CUST-00273,development
SYN-CUST-00658,development
SYN-CUST-00437,holdout
SYN-CUST-02596,development
SYN-CUST-00281,development
SYN-CUST-01396,development
SYN-CUST-02279,holdout
SYN-CUST-02665,development
SYN-CUST-00730,development
SYN-CUST-00068,holdout
SYN-CUST-01715,development
SYN-CUST-01478,development
SYN-CUST-02032,holdout
SYN-CUST-01091,holdout
SYN-CUST-00948,holdout
SYN-CUST-00129,development
SYN-CUST-00116,development
SYN-CUST-00428,development
SYN-CUST-00329,holdout
SYN-CUST-00546,development
SYN-CUST-01333,development
SYN-CUST-00727,holdout
SYN-CUST-00037,development
SYN-CUST-02774,development
SYN-CUST-01267,holdout
SYN-CUST-01203,development
SYN-CUST-00778,holdout
SYN-CUST-00311,development
SYN-CUST-01446,development
SYN-CUST-01186,development
SYN-CUST-02172,development
SYN-CUST-01028,development
SYN-CUST-02119,holdout
SYN-CUST-02106,development
SYN-CUST-02764,holdout
SYN-CUST-00517,development
SYN-CUST-02136,development
SYN-CUST-02982,development
SYN-CUST-00486,holdout
SYN-CUST-02300,development
SYN-CUST-01156,development
SYN-CUST-01301,holdout
SYN-CUST-01347,development
SYN-CUST-02089,development
SYN-CUST-02643,development
SYN-CUST-00265,holdout
SYN-CUST-01235,holdout
SYN-CUST-00922,development
SYN-CUST-01009,holdout
SYN-CUST-01904,development
SYN-CUST-01917,development
SYN-CUST-02026,development
SYN-CUST-00600,holdout
SYN-CUST-02242,development
SYN-CUST-02311,development
SYN-CUST-02446,development
SYN-CUST-02232,development
SYN-CUST-00660,development
SYN-CUST-02722,development
SYN-CUST-02025,holdout
SYN-CUST-00834,holdout
SYN-CUST-00659,development
SYN-CUST-00643,development
SYN-CUST-02093,development
SYN-CUST-02253,development
SYN-CUST-02664,development
SYN-CUST-01163,development
SYN-CUST-00177,holdout
SYN-CUST-01024,holdout
SYN-CUST-00509,development
SYN-CUST-02581,development
SYN-CUST-01622,development
SYN-CUST-01219,development
SYN-CUST-01621,development
SYN-CUST-01782,holdout
SYN-CUST-00644,development
SYN-CUST-00747,development
SYN-CUST-00247,development
SYN-CUST-01609,holdout
SYN-CUST-02126,development
SYN-CUST-00042,holdout
SYN-CUST-00989,holdout
SYN-CUST-01505,development
SYN-CUST-02331,development
SYN-CUST-00179,development
SYN-CUST-00222,holdout
SYN-CUST-00472,development
SYN-CUST-01027,development
SYN-CUST-02857,development
SYN-CUST-00046,development
SYN-CUST-00330,development
SYN-CUST-00054,development
SYN-CUST-02571,development
SYN-CUST-01921,development
SYN-CUST-02803,development
SYN-CUST-00909,development
SYN-CUST-02164,development
SYN-CUST-01361,development
SYN-CUST-00308,development
SYN-CUST-02897,development
SYN-CUST-01078,development
SYN-CUST-00147,development
SYN-CUST-01570,development
SYN-CUST-02579,development
SYN-CUST-01410,development
SYN-CUST-02029,development
SYN-CUST-02517,development
SYN-CUST-00932,development
SYN-CUST-02604,holdout
SYN-CUST-00358,holdout
SYN-CUST-00534,development
SYN-CUST-01631,development
SYN-CUST-02366,development
SYN-CUST-00874,development
SYN-CUST-00682,development
SYN-CUST-02454,development
SYN-CUST-01424,development
SYN-CUST-01623,development
SYN-CUST-01893,holdout
SYN-CUST-02068,holdout
SYN-CUST-01310,development
SYN-CUST-00194,development
SYN-CUST-02984,development
SYN-CUST-00794,holdout
SYN-CUST-01577,development
SYN-CUST-00396,development
SYN-CUST-02580,development
SYN-CUST-02186,development
SYN-CUST-01546,development
SYN-CUST-01650,development
SYN-CUST-00573,development
SYN-CUST-02838,development
SYN-CUST-02905,development
SYN-CUST-00388,development
SYN-CUST-01289,development
SYN-CUST-01881,development
SYN-CUST-00571,development
SYN-CUST-02663,holdout
SYN-CUST-01619,development
SYN-CUST-00744,holdout
SYN-CUST-01181,development
SYN-CUST-00896,holdout
SYN-CUST-00454,holdout
SYN-CUST-00767,development
SYN-CUST-00023,development
SYN-CUST-01423,holdout
SYN-CUST-01215,development
SYN-CUST-00709,holdout
SYN-CUST-01952,development
SYN-CUST-00494,development
SYN-CUST-02309,holdout
